epoch,step,train_loss
0,124,2.348611831665039
1,249,2.3073887825012207
2,374,2.3063056468963623
3,499,2.3065080642700195
4,624,2.307265520095825
5,749,2.3074088096618652
6,874,2.3067805767059326
7,999,2.3067526817321777
8,1124,2.306703567504883
9,1249,2.3049750328063965
10,1374,2.305187702178955
11,1499,2.3046228885650635
12,1624,2.304514169692993
13,1749,2.304670572280884
14,1874,2.3048512935638428
15,1999,2.304546594619751
16,2124,2.304715633392334
